{
  "backupInfo": {
    "timestamp": "2025-12-09T08:04:07.659Z",
    "type": "dual_backup",
    "pg_dump": "dual_database_formats",
    "tarFile": "user_uploads",
    "createdBy": "BSPCP_admin",
    "version": "1.0"
  },
  "files": [
    {
      "type": "dump_file",
      "name": "BSPCP_backup.dump",
      "description": "PostgreSQL custom format backup (.dump) - compressed, fast restoration",
      "restoreCommand": "pg_restore -h localhost -U postgres -d BSPCP \"C:\\Users\\ditir\\Downloads\\BSPCP\\server\\backup\\backup_temp_2025-12-09_08-04-04-034Z\\database\\BSPCP_backup.dump\""
    },
    {
      "type": "bak_file",
      "name": "BSPCP_backup.bak",
      "description": "PostgreSQL SQL dump (.bak) - human-readable database backup",
      "restoreCommand": "psql -h localhost -U postgres -d BSPCP < \"C:\\Users\\ditir\\Downloads\\BSPCP\\server\\backup\\backup_temp_2025-12-09_08-04-04-034Z\\database\\BSPCP_backup.bak\""
    },
    {
      "type": "sql_file",
      "name": "BSPCP_backup.sql",
      "description": "PostgreSQL SQL dump (.sql) - standard SQL format database backup",
      "restoreCommand": "psql -h localhost -U postgres -d BSPCP < \"C:\\Users\\ditir\\Downloads\\BSPCP\\server\\backup\\backup_temp_2025-12-09_08-04-04-034Z\\database\\BSPCP_backup.sql\""
    },
    {
      "type": "user_files",
      "name": "uploads.tar.gz",
      "description": "User uploads compressed archive",
      "restoreCommand": "tar -xf \"C:\\Users\\ditir\\Downloads\\BSPCP\\server\\backup\\backup_temp_2025-12-09_08-04-04-034Z\\uploads.tar.gz\" -C server/uploads/"
    }
  ],
  "instructions": {
    "setup": [
      "1. Extract the backup zip file",
      "2. Create a new database if needed (USE: createdb -h localhost -U postgres BSPCP)",
      "3. Choose restoration method below",
      "4. Extract user files to server/uploads directory"
    ],
    "restorationMethods": {
      "Complete Fresh Restore (Clean Database)": [
        "Option 1 - Drop existing database and restore fresh",
        "Step 1: Drop existing database (if exists)",
        "dropdb -h localhost -U postgres BSPCP",
        "Step 2: Create fresh database",
        "createdb -h localhost -U postgres BSPCP",
        "Step 3: Restore from backup (choose one)",
        "pg_restore -h localhost -U postgres -d BSPCP \"BSPCP_backup.dump\"",
        "OR",
        "psql -h localhost -U postgres -d BSPCP < \"BSPCP_backup.bak\"",
        "OR",
        "psql -h localhost -U postgres -d BSPCP < \"BSPCP_backup.sql\"",
        "▶ BEST for development/staging environments"
      ],
      "Force Restore into Existing Database": [
        "Option 2 - Force restore with --clean (removes existing tables)",
        "⚠️ WARNING: This will DROP existing tables first, potentially losing data",
        "Step 1: Verify you have backups of current data",
        "Step 2: Force restore with clean option",
        "pg_restore -h localhost -U postgres -d BSPCP --clean --if-exists \"BSPCP_backup.dump\"",
        "OR with psql (if current DB has issues)",
        "psql -h localhost -U postgres -d BSPCP < \"BSPCP_backup.bak\" --variable ON_ERROR_STOP=off",
        "▶ USE with CAUTION - backup current data first!"
      ],
      "Safe Side-by-Side Restore": [
        "Option 3 - Create new database copy (safe - no data loss)",
        "Step 1: Create new database with timestamp",
        "createdb -h localhost -U postgres \"BSPCP_backup_2025-12-09\"",
        "Step 2: Restore to the new database",
        "pg_restore -h localhost -U postgres -d \"BSPCP_backup_2025-12-09\" \"BSPCP_backup.dump\"",
        "OR",
        "psql -h localhost -U postgres -d \"BSPCP_backup_2025-12-09\" < \"BSPCP_backup.bak\"",
        "Step 3: Compare databases and merge if needed",
        "psql -h localhost -U postgres -d BSPCP -c \"SELECT COUNT(*) FROM members;\"",
        "psql -h localhost -U postgres -d \"BSPCP_backup_2025-12-09\" -c \"SELECT COUNT(*) FROM members;\"",
        "▶ SAFEST option - keeps both original and backup data"
      ],
      "quickRestoreMethods": {
        "Fast Dump Restore (Recommended)": [
          "pg_restore -h localhost -U postgres -d BSPCP \"BSPCP_backup.dump\""
        ],
        "SQL Text Restore": [
          "psql -h localhost -U postgres -d BSPCP < \"BSPCP_backup.bak\"",
          "OR",
          "psql -h localhost -U postgres -d BSPCP < \"BSPCP_backup.sql\""
        ]
      },
      "userFiles": [
        "Restore uploaded files:",
        "tar -xf \"uploads.tar.gz\" -C server/uploads/"
      ]
    }
  }
}